ID,Name,Description,Price,Picture Urls
,Item 1,Desc 1,51,http://fla.fg-a.com/shopping-cart/shopping-cart-black-1.png
,Item 2,Desc 2,93,http://fla.fg-a.com/shopping-cart/shopping-cart-black-1.png
,Item 3,Desc 3,57,http://fla.fg-a.com/shopping-cart/shopping-cart-black-1.png
,Item 4,Desc 4,19,http://fla.fg-a.com/shopping-cart/shopping-cart-black-1.png
,Item 5,Desc 5,75,http://fla.fg-a.com/shopping-cart/shopping-cart-black-1.png
,Item 6,Desc 6,11,http://fla.fg-a.com/shopping-cart/shopping-cart-black-1.png
,Item 7,Desc 7,56,http://fla.fg-a.com/shopping-cart/shopping-cart-black-1.png
,Item 8,Desc 8,38,http://fla.fg-a.com/shopping-cart/shopping-cart-black-1.png
,Item 9,Desc 9,59,http://fla.fg-a.com/shopping-cart/shopping-cart-black-1.png
,Item 10,Desc 10,50,http://fla.fg-a.com/shopping-cart/shopping-cart-black-1.png
,Item 11,Desc 11,59,http://fla.fg-a.com/shopping-cart/shopping-cart-black-1.png
,Item 12,Desc 12,18,http://fla.fg-a.com/shopping-cart/shopping-cart-black-1.png
,Item 13,Desc 13,26,http://fla.fg-a.com/shopping-cart/shopping-cart-black-1.png
,Item 14,Desc 14,42,http://fla.fg-a.com/shopping-cart/shopping-cart-black-1.png
,Item 15,Desc 15,32,http://fla.fg-a.com/shopping-cart/shopping-cart-black-1.png
,Item 16,Desc 16,90,http://fla.fg-a.com/shopping-cart/shopping-cart-black-1.png
,Item 17,Desc 17,97,http://fla.fg-a.com/shopping-cart/shopping-cart-black-1.png
,Item 18,Desc 18,12,http://fla.fg-a.com/shopping-cart/shopping-cart-black-1.png
,Item 19,Desc 19,82,http://fla.fg-a.com/shopping-cart/shopping-cart-black-1.png
,Item 20,Desc 20,16,http://fla.fg-a.com/shopping-cart/shopping-cart-black-1.png
,Item 21,Desc 21,19,http://fla.fg-a.com/shopping-cart/shopping-cart-black-1.png
,Item 22,Desc 22,24,http://fla.fg-a.com/shopping-cart/shopping-cart-black-1.png
,Item 23,Desc 23,29,http://fla.fg-a.com/shopping-cart/shopping-cart-black-1.png
,Item 24,Desc 24,75,http://fla.fg-a.com/shopping-cart/shopping-cart-black-1.png
,Item 25,Desc 25,14,http://fla.fg-a.com/shopping-cart/shopping-cart-black-1.png